Date,High,Low,Close,Adj Close,Volume,return_2m,return_3m,return_4m,return_5m,return_6m,return_8m,return_12m,expected_return_50d_US3Y,expected_return_50d_US5Y,expected_return_50d_US7Y,expected_return_50d_US10Y,expected_return_50d_US20Y,expected_return_50d_US30Y,expected_return_70d_US3Y,expected_return_70d_US5Y,expected_return_70d_US7Y,expected_return_70d_US10Y,expected_return_70d_US20Y,expected_return_70d_US30Y,expected_return_100d_US3Y,expected_return_100d_US5Y,expected_return_100d_US7Y,expected_return_100d_US10Y,expected_return_100d_US20Y,expected_return_100d_US30Y,expected_return_120d_US3Y,expected_return_120d_US5Y,expected_return_120d_US7Y,expected_return_120d_US10Y,expected_return_120d_US20Y,expected_return_120d_US30Y,expected_return_150d_US3Y,expected_return_150d_US5Y,expected_return_150d_US7Y,expected_return_150d_US10Y,expected_return_150d_US20Y,expected_return_150d_US30Y,expected_return_180d_US3Y,expected_return_180d_US5Y,expected_return_180d_US7Y,expected_return_180d_US10Y,expected_return_180d_US20Y,expected_return_180d_US30Y,expected_return_200d_US3Y,expected_return_200d_US5Y,expected_return_200d_US7Y,expected_return_200d_US10Y,expected_return_200d_US20Y,expected_return_200d_US30Y,expected_return_220d_US3Y,expected_return_220d_US5Y,expected_return_220d_US7Y,expected_return_220d_US10Y,expected_return_220d_US20Y,expected_return_220d_US30Y,expected_return_250d_US3Y,expected_return_250d_US5Y,expected_return_250d_US7Y,expected_return_250d_US10Y,expected_return_250d_US20Y,expected_return_250d_US30Y,expected_return_280d_US3Y,expected_return_280d_US5Y,expected_return_280d_US7Y,expected_return_280d_US10Y,expected_return_280d_US20Y,expected_return_280d_US30Y,expected_return_300d_US3Y,expected_return_300d_US5Y,expected_return_300d_US7Y,expected_return_300d_US10Y,expected_return_300d_US20Y,expected_return_300d_US30Y,expected_return_320d_US3Y,expected_return_320d_US5Y,expected_return_320d_US7Y,expected_return_320d_US10Y,expected_return_320d_US20Y,expected_return_320d_US30Y,expected_return_350d_US3Y,expected_return_350d_US5Y,expected_return_350d_US7Y,expected_return_350d_US10Y,expected_return_350d_US20Y,expected_return_350d_US30Y,Cash On Hand,Receivables,Inventory,Pre-Paid Expenses,Other Current Assets,Total Current Assets,"Property, Plant, And Equipment",Long-Term Investments,Goodwill And Intangible Assets,Other Long-Term Assets,Total Long-Term Assets,Total Assets,Total Current Liabilities,Long Term Debt,Other Non-Current Liabilities,Total Long Term Liabilities,Total Liabilities,Common Stock Net,Retained Earnings (Accumulated Deficit),Comprehensive Income,Other Share Holders Equity,Share Holder Equity,Total Liabilities And Share Holders Equity,Net Income/Loss,Total Depreciation And Amortization - Cash Flow,Other Non-Cash Items,Total Non-Cash Items,Change In Accounts Receivable,Change In Inventories,Change In Accounts Payable,Change In Assets/Liabilities,Total Change In Assets/Liabilities,Cash Flow From Operating Activities,"Net Change In Property, Plant, And Equipment",Net Change In Intangible Assets,Net Acquisitions/Divestitures,Net Change In Short-term Investments,Net Change In Long-Term Investments,Net Change In Investments - Total,Investing Activities - Other,Cash Flow From Investing Activities,Net Long-Term Debt,Net Current Debt,Debt Issuance/Retirement Net - Total,Net Common Equity Issued/Repurchased,Net Total Equity Issued/Repurchased,Total Common And Preferred Stock Dividends Paid,Financial Activities - Other,Cash Flow From Financial Activities,Net Cash Flow,Stock-Based Compensation,Common Stock Dividends Paid,Current Ratio_x,Debt to Equity ratio,Current Ratio_y,Long-term Debt / Capital,Debt/Equity Ratio,Gross Margin,Operating Margin,EBIT Margin,EBITDA Margin,Pre-Tax Profit Margin,Net Profit Margin,Asset Turnover,Inventory Turnover Ratio,Receiveable Turnover,Days Sales In Receivables,ROE - Return On Equity,Return On Tangible Equity,ROA - Return On Assets,ROI - Return On Investment,Book Value Per Share,Operating Cash Flow Per Share,Free Cash Flow Per Share,Revenue,Cost Of Goods Sold,Gross Profit,Research And Development Expenses,SG&A Expenses,Other Operating Income Or Expenses,Operating Expenses,Operating Income,Total Non-Operating Income/Expense,Pre-Tax Income,Income Taxes,Income After Taxes,Other Income,Income From Continuous Operations,Income From Discontinued Operations,Net Income,EBITDA,EBIT,Basic Shares Outstanding,Shares Outstanding,Basic EPS,EPS - Earnings Per Share,Price/Earnings,Price/Book,Price/FCF,Price/Sales,Return on Assets,Return on Equity,Return on Tangible Equity
2009-01-31,,,,,,,,,,,,,,,,,,,,,,,,,,,,,,,,,,,,,,,,,,,,,,,,,,,,,,,,,,,,,,,,,,,,,,,,,,,,,,,,,,,,,,,,,,,334.7,413.5,643.2,0.0,100.8,1594.5,479.5,0.0,1359.6,39.9,1905.3,3499.8,746.0,660.6,57.3,942.2,1688.2,23.4,2109.6,-73.0,0.0,1811.6,3499.8,354.8,40.1,13.7,53.8,0.0,0.0,0.0,-65.7,-65.7,342.9,-37.1,14.3,0.0,0.0,0.0,0.0,0.0,-22.8,246.2,-179.7,66.5,-28.4,-28.4,-125.6,2.5,-85.0,215.8,6.2,-125.6,2.137,0.365,2.1374,0.2672,0.5839,62.5591,29.9122,29.9122,0.0,28.5449,20.8305,0.1693,0.3448,1.4326,62.8207,6.8117,27.3009,3.5259,4.9915,3.2107,0.6042,0.5388,592.4,221.8,370.6,0.0,200.1,8.0,193.4,177.2,-8.1,169.1,45.7,123.4,0.0,123.4,0.0,123.4,190.7,177.2,564.54,567.5175,0.2187,0.216,,,,,,,
2009-04-30,,,,,,,,,,,,,,,,,,,,,,,,,,,,,,,,,,,,,,,,,,,,,,,,,,,,,,,,,,,,,,,,,,,,,,,,,,,,,,,,,,,,,,,,,,,340.0,367.0,652.0,0.0,215.0,1574.0,483.0,0.0,1361.0,46.0,1901.0,3475.0,836.0,509.0,59.0,823.0,1659.0,24.0,2189.0,-123.0,-10.0,1816.0,3475.0,80.2,14.9,7.3,22.2,33.0,-34.0,0.0,50.7,45.7,148.1,-11.9,-2.3,0.0,0.0,0.0,0.0,0.0,-14.2,-1.2,-69.3,-70.5,-16.6,-16.6,-43.4,-0.5,-131.0,5.2,0.8,-43.4,1.883,0.28,1.8828,0.2189,0.5501,66.8467,22.6299,22.6299,0.0,21.233,14.9376,0.1545,0.273,1.4629,61.5198,4.4163,17.6264,2.3079,3.4495,3.2257,0.2607,0.2398,536.9,178.0,358.9,0.0,239.7,3.4,237.4,121.5,-7.5,114.0,33.8,80.2,0.0,80.2,0.0,80.2,136.4,121.5,564.195,567.6713,0.1387,0.144,,,,,,,
2009-07-31,,,,,,,,,,,,,,,,,,,,,,,,,,,,,,,,,,,,,,,,,,,,,,,,,,,,,,,,,,,,,,,,,,,,,,,,,,,,,,,,,,,,,,,,,,,286.5,392.6,685.4,0.0,49.2,1540.0,479.7,0.0,1365.5,47.6,1904.2,3444.2,811.1,509.1,52.5,830.1,1641.2,23.4,2224.6,-132.7,0.0,1803.0,3444.2,121.4,14.4,-3.0,11.4,0.0,0.0,0.0,-15.0,-15.0,117.8,-6.8,-1.2,0.0,0.0,0.0,0.0,0.0,-8.0,0.0,-84.1,-84.1,-51.3,-51.3,-43.2,0.9,-177.7,-53.6,1.9,-43.2,1.899,0.282,1.8987,0.2202,0.5077,66.5908,33.637,33.637,0.0,32.3931,21.2684,0.1657,0.2782,1.4539,61.9026,6.7332,27.7486,3.5248,5.2506,3.2271,0.209,0.197,570.8,190.7,380.1,0.0,193.2,6.4,188.1,192.0,-7.1,184.9,63.5,121.4,0.0,121.4,0.0,121.4,206.4,192.0,561.015,563.5162,0.216,0.216,,,,,,,
2009-10-31,,,,,,,,,,,,,,,,,,,,,,,,,,,,,,,,,,,,,,,,,,,,,,,,,,,,,,,,,,,,,,,,,,,,,,,,,,,,,,,,,,,,,,,,,,,289.3,519.1,690.2,0.0,61.4,1684.4,473.9,0.0,1371.1,45.5,1900.6,3585.0,869.8,508.5,58.1,841.0,1710.8,23.4,2372.0,-122.8,0.0,1874.2,3585.0,147.2,14.2,14.7,28.9,0.0,0.0,0.0,-88.2,-88.2,87.9,-5.6,-0.6,0.0,0.0,0.0,0.0,0.0,-6.2,-1.6,49.4,47.8,-89.1,-89.1,-42.6,1.0,-82.9,2.8,2.0,-42.6,1.937,0.271,1.9365,0.2134,0.5139,63.3944,32.2839,32.2839,0.0,31.225,21.079,0.1949,0.3706,1.3462,66.856,7.8594,29.2785,4.1088,6.1821,3.396,0.1599,0.1497,698.8,255.8,443.0,0.0,217.2,1.1,217.4,225.6,-7.4,218.2,70.9,147.3,0.0,147.3,0.0,147.3,239.8,225.6,554.97,557.6025,0.264,0.264,11.95,2.96,8.92,2.36,13.45,25.79,101.95
2010-01-31,,,,,,,,,,,,,,,,,,,,,,,,,,,,,,,,,,,,,,,,,,,,,,,,,,,,,,,,,,,,,,,,,,,,,,,,,,,,,,,,,,,,,,,,,,,241.7,454.0,658.3,0.0,90.1,1548.4,464.2,0.0,1350.5,45.2,1869.9,3418.3,684.0,508.3,63.0,852.4999,1536.5,23.4,2391.8,-117.1,0.0,1881.8,3418.3,107.9,15.2,38.2,53.4,0.0,0.0,0.0,57.5,57.5,218.8,-4.8,-0.4,0.0,0.0,0.0,0.0,0.0,-5.2,-0.1,-196.6,-196.7,-20.9,-20.9,-44.0,1.1,-260.5,-47.6,1.9,-44.0,2.264,0.27,2.2637,0.2127,0.4074,64.465,27.2827,27.2827,0.0,26.1688,16.9281,0.1865,0.3441,1.404,64.1042,5.7339,20.3087,3.1565,4.5145,3.4164,0.3983,0.3895,637.4,226.5,410.9,0.0,223.5,-12.2,237.0,173.9,-7.1,166.8,58.9,107.9,0.0,107.9,0.0,107.9,189.1,173.9,550.3425,553.2825,0.1947,0.1947,12.97,3.11,10.88,2.43,13.1,24.73,94.65
2010-04-30,,,,,,,,,,,,,,,,,,,,,,,,,,,,,,,,,,,,,,,,,,,,,,,,,,,,,,,,,,,,,,,,,,,,,,,,,,,,,,,,,,,,,,,,,,,232.0,418.0,651.0,0.0,184.0,1527.0,468.0,0.0,1335.0,42.0,1856.0,3383.0,546.0,508.0,69.0,942.0,1488.0,24.0,2464.0,-187.0,11.0,1895.0,3383.0,72.5,15.2,-19.9,-4.7,-35.0,21.0,0.0,82.7,52.7,120.5,-14.8,-0.8,0.0,0.0,0.0,0.0,0.0,-15.6,-151.3,82.3,-69.0,-2.7,-2.7,-44.2,0.0,-115.9,-9.6,2.2,-44.2,2.797,0.268,2.7967,0.2114,0.3689,67.0818,21.0854,21.0854,0.0,19.9466,12.8826,0.1661,0.2842,1.3445,66.9395,3.8206,12.9286,2.1401,3.0129,3.4385,0.211,0.1845,562.0001,185.0,377.0,0.0,255.1,-2.3,258.5001,118.5,-6.4,112.1,39.7,72.4,0.0,72.4,0.0,72.4,133.7,118.5,554.3775,557.1563,0.1333,0.1307,15.02,3.52,13.14,2.74,12.96,24.04,88.19
2010-07-31,,,,,,,,,,,,,,,,,,,,,,,,,,,,,,,,,,,,,,,,,,,,,,,,,,,,,,,,,,,,,,,,,,,,,,,,,,,,,,,,,,,,,,,,,,,260.8,411.6,671.9,0.0,163.8,1544.5,451.8,0.0,1332.7,41.9,1837.4,3381.9,607.7,508.8,58.9,907.3,1515.0,23.4,2487.9,-184.9,0.0,1866.9,3381.9,111.4,14.5,0.7,15.2,0.0,0.0,0.0,-30.0,-30.0,96.6,4.1,-0.6,0.0,0.0,0.0,0.0,0.0,3.5,0.0,21.3,21.3,-49.6,-49.6,-44.0,4.9,-67.4,29.2,1.7,-44.0,2.542,0.273,2.5416,0.2142,0.3859,66.5262,30.3302,30.3302,0.0,29.2413,19.5645,0.1684,0.2837,1.3834,65.058,5.9671,20.8536,3.294,4.6891,3.4045,0.1748,0.1822,569.4,190.6,378.8,0.0,208.2,3.4,206.1,172.7,-6.2,166.5,55.1,111.4,0.0,111.4,0.0,111.4,187.2,172.7,549.6375,552.6937,0.2027,0.2027,16.68,3.88,14.59,2.98,12.73,23.3,82.33
2010-10-31,,,,,,,,,,,,,,,,,,,,,,,,,,,,,,,,,,,,,,,,,,,,,,,,,,,,,,,,,,,,,,,,,,,,,,,,,,,,,,,,,,,,,,,,,,,155.7,544.0,698.9,0.0,164.4,1603.7,449.5,0.0,1338.7,36.5,1836.4,3440.1,542.5,508.5,63.6,922.2,1464.7,23.4,2641.9,-173.7,0.0,1975.4,3440.1,154.0,14.2,11.9,26.1,0.0,0.0,0.0,-98.9,-98.9,81.2,-7.1,-0.7,0.0,0.0,0.0,0.0,0.0,-7.8,-1.4,-79.6,-81.0,-60.3,-60.3,-43.9,1.4,-183.8,-105.1,2.2,-43.9,2.956,0.257,2.9561,0.2047,0.3243,65.693,33.6483,33.6483,0.0,32.7749,22.0504,0.203,0.3428,1.2838,70.1031,7.7959,24.1872,4.4766,6.1999,3.6254,0.1488,0.136,698.4,239.6,458.8,0.0,226.4,3.9,223.8,235.0,-6.1,228.9,74.9,154.0,0.0,154.0,0.0,154.0,249.2,235.0,546.1838,549.39,0.2827,0.28,15.81,3.52,14.32,2.87,13.07,23.36,78.69
2011-01-31,,,,,,,,,,,,,,,,,,,,,,,,,,,,,,,,,,,,,,,,,,,,,,,,,,,,,,,,,,,,,,,,,,,,,,,,,,,,,,,,,,,,,,,,,,,278.6,530.3,677.0,0.0,167.2,1686.7,450.4,0.0,1335.1,39.2,1836.2,3522.9,437.6,756.7,66.4,1211.6,1649.2,23.4,2544.6,-167.6,0.0,1873.7,3522.9,140.7,14.2,57.4,71.6,0.0,0.0,0.0,9.4,9.4,221.7,-11.4,-1.1,0.0,0.0,0.0,0.0,0.0,-12.5,247.7,-129.0,118.7,-14.8,-14.8,-191.6,0.5,-87.2,122.9,2.1,-191.6,3.854,0.404,3.8544,0.2877,0.4055,65.4661,31.8503,31.8503,0.0,30.8757,19.8729,0.201,0.3612,1.3351,67.411,7.5092,26.1233,3.9939,5.349,3.4415,0.4059,0.385,708.0,244.5,463.5,0.0,239.1,2.4,238.0,225.5,-6.9,218.6,77.9,140.7,0.0,140.7,0.0,140.7,239.7,225.5,543.9788,547.65,0.2587,0.256,16.34,4.13,16.01,3.09,13.93,25.12,84.23
2011-04-30,,,,,,,,,,,,,,,,,,,,,,,,,,,,,,,,,,,,,,,,,,,,,,,,,,,,,,,,,,,,,,,,,,,,,,,,,,,,,,,,,,,,,,,,,,,567.0,496.0,647.0,0.0,218.0,1976.0,393.0,0.0,1295.0,36.0,1736.0,3712.0,707.0,504.0,88.0,945.0,1652.0,24.0,2710.0,-179.0,48.0,2060.0,3712.0,165.9,13.1,-74.0,-60.9,-57.0,-42.0,0.0,93.5,22.5,127.5,-12.6,-1.6,234.0,0.0,0.0,0.0,0.0,219.8,-1.3,-0.7,-2.0,-18.3,-18.3,-46.5,-0.8,-67.6,288.0,3.0,-46.5,2.795,0.245,2.7949,0.1966,0.3684,69.3052,36.3487,36.3487,0.0,35.2344,27.0239,0.1644,0.2895,1.2302,73.1563,8.0534,21.6863,4.4693,6.4704,3.7888,0.2297,0.2068,610.2,187.3,422.8999,0.0,266.3,66.3,201.1,221.8,-6.8,215.0,49.1,165.9,0.0,165.9,0.0,164.9,234.9,221.8,546.0125,549.425,0.3,0.3013,14.87,4.08,16.99,3.29,16.25,29.37,92.28
2011-07-31,,,,,,,,,,,,,,,,,,,,,,,,,,,,,,,,,,,,,,,,,,,,,,,,,,,,,,,,,,,,,,,,,,,,,,,,,,,,,,,,,,,,,,,,,,,552.5,523.3,685.5,0.0,201.9,2011.6,388.0,0.0,1297.7,40.5,1737.6,3749.2,766.9,505.1,77.2,912.1,1679.0,23.4,2735.4,-132.0,0.0,2070.2,3749.2,118.1,13.0,-0.6,12.4,0.0,0.0,0.0,-66.5,-66.5,64.0,-6.2,-7.5,0.0,0.0,0.0,0.0,0.0,-13.7,-0.8,1.9,1.1,-20.2,-20.2,-46.4,4.4,-61.1,-14.6,2.2,-46.4,2.623,0.244,2.623,0.1961,0.3678,65.8984,29.1471,29.1471,0.0,28.0339,18.5168,0.1701,0.3173,1.2188,73.8429,5.7048,15.288,3.15,4.5859,3.8129,0.117,0.1057,637.8,217.5,420.3,0.0,229.8,-3.3,234.4,185.9,-7.1,178.8,60.7,118.1,0.0,118.1,0.0,118.1,198.9,185.9,543.105,547.0025,0.216,0.216,15.1,4.17,19.08,3.29,16.03,28.98,85.19
2011-10-31,,,,,,,,,,,,,,,,,,,,,,,,,,,,,,,,,,,,,,,,,,,,,,,,,,,,,,,,,,,,,,,,,,,,,,,,,,,,,,,,,,,,,,,,,,,380.1,641.9,694.5,0.0,187.2,1945.6,383.0,0.0,1293.9,40.7,1728.0,3673.6,752.7,504.2,77.0,914.7,1667.4,23.4,2893.2,-158.4,0.0,2006.2,3673.6,157.5,12.8,21.6,34.4,0.0,0.0,0.0,-100.4,-100.4,91.5,-12.6,-0.4,0.0,0.0,0.0,0.0,0.0,-13.0,-0.7,0.7,0.0,-197.9,-197.9,-46.0,0.4,-243.5,-172.4,2.1,-46.0,2.585,0.251,2.5848,0.2008,0.3789,64.2555,31.5325,31.5325,0.0,30.6235,20.1639,0.2126,0.402,1.2169,73.9611,7.8556,22.1255,4.2901,6.2779,3.7689,0.1706,0.1471,781.1,279.2,501.9,0.0,253.5,-0.8,255.6,246.3,-7.1,239.2,81.6,157.6,0.0,157.6,0.0,157.5,259.1,246.3,537.0325,540.69,0.292,0.292,15.23,4.31,19.21,3.24,15.88,29.06,83.47
2012-01-31,,,,,,,,,,,,,,,,,,,,,,,,,,,,,,,,,,,,,,,,,,,,,,,,,,,,,,,,,,,,,,,,,,,,,,,,,,,,,,,,,,,,,,,,,,,494.9,568.7,684.2,0.0,181.1,1953.1,385.3,0.0,1284.3,43.8,1723.3,3676.4,725.6,503.5,65.7,916.1,1641.7,23.4,2927.0,-160.9,0.0,2034.7,3676.4,133.1,11.9,21.5,33.4,0.0,0.0,0.0,19.7,19.7,186.2,-12.3,-1.9,0.0,0.0,0.0,0.0,0.0,-14.2,-0.6,2.4,1.8,-8.1,-8.1,-49.6,3.1,-52.8,114.8,2.2,-49.6,2.692,0.247,2.6917,0.1984,0.3743,64.2674,29.39,29.39,0.0,28.3495,18.9709,0.1908,0.3664,1.2337,72.9518,6.5415,17.7372,3.6204,5.2439,3.8207,0.3496,0.3264,701.6,250.7,450.9,0.0,246.8,2.9,244.7,206.2,-7.3,198.9,65.8,133.1,0.0,133.1,0.0,133.1,218.0999,206.2,532.2275,536.2475,0.252,0.248,16.75,4.64,22.54,3.52,15.5,28.1,76.53
2012-04-30,,,,,,,,,,,,,,,,,,,,,,,,,,,,,,,,,,,,,,,,,,,,,,,,,,,,,,,,,,,,,,,,,,,,,,,,,,,,,,,,,,,,,,,,,,,338.0,475.0,712.0,0.0,188.0,1749.0,399.0,0.0,1285.0,38.0,1728.0,3477.0,404.0,503.0,65.0,1004.0,1408.0,24.0,3031.0,-223.0,-7.0,2069.0,3477.0,104.3,11.3,20.5,31.8,2.0,-88.0,0.0,118.2,38.2,174.3,-26.9,-0.2,0.0,0.0,0.0,0.0,0.0,-27.1,-249.9,-1.0,-250.9,-3.8,-3.8,-50.0,0.1,-304.6,-156.8,2.5,-50.0,4.329,0.243,4.3292,0.1956,0.2465,70.0249,24.8299,24.8299,0.0,23.751,17.3112,0.1733,0.2537,1.2684,70.9544,5.0363,13.2908,2.9968,4.0513,5.8251,0.318,0.2686,602.5001,180.6,421.9001,0.0,274.9,2.2,272.3,149.6001,-6.5,143.1,38.9,104.2,0.0,104.2,0.0,104.3,160.9001,149.6001,536.3225,540.2075,0.196,0.192,19.95,3.25,22.31,3.75,14.08,25.09,67.97
2012-07-31,,,,,,,,,,,,,,,,,,,,,,,,,,,,,,,,,,,,,,,,,,,,,,,,,,,,,,,,,,,,,,,,,,,,,,,,,,,,,,,,,,,,,,,,,,,361.5,524.9,764.4,0.0,177.5,1849.5,404.6,0.0,1276.9,41.6,1733.5,3583.0,476.3,502.1,53.4,984.7001,1461.0,34.1,3057.0,-211.3,-20.2,2122.0,3583.0,147.0,12.0,30.0,42.0,0.0,0.0,0.0,-102.0,-102.0,87.0,-17.0,0.0,0.0,0.0,0.0,0.0,0.0,-17.0,-1.0,2.0,1.0,-4.0,-4.0,-50.0,8.0,-45.0,23.0,2.0,-50.0,3.883,0.237,3.8831,0.1913,0.241,69.6697,33.3333,33.3333,0.0,32.5826,22.0721,0.1859,0.2643,1.2688,70.9324,6.9274,17.3944,4.1027,5.6019,3.9794,0.162,0.1304,666.0,202.0,464.0,0.0,240.0,-2.0,242.0,222.0,-5.0,217.0,70.0,147.0,0.0,147.0,0.0,147.0,234.0,222.0,532.92,536.995,0.276,0.276,20.42,5.17,23.59,4.03,15.05,26.34,70.14
2012-10-31,,,,,,,,,,,,,,,,,,,,,,,,,,,,,,,,,,,,,,,,,,,,,,,,,,,,,,,,,,,,,,,,,,,,,,,,,,,,,,,,,,,,,,,,,,,368.5,681.5,797.5,0.0,188.3,2055.0,415.9,0.0,1283.4,38.7,1748.9,3803.9,505.9,501.4,63.5,993.2,1499.1,34.1,3207.8,-223.0,0.0,2304.8,3803.9,173.0,12.0,17.0,29.0,0.0,0.0,0.0,-124.0,-124.0,78.0,-22.0,0.0,0.0,0.0,0.0,0.0,0.0,-22.0,0.0,2.0,2.0,-6.0,-6.0,-50.0,5.0,-49.0,8.0,3.0,-50.0,4.062,0.218,4.0621,0.1787,0.2221,67.5676,33.7194,33.7194,0.0,33.2046,22.2651,0.2043,0.316,1.1401,78.9382,7.5061,16.9375,4.548,6.1649,4.3193,0.1451,0.1041,777.0,252.0,525.0,0.0,266.0,3.0,263.0,262.0,-4.0,258.0,85.0,173.0,0.0,173.0,0.0,173.0,274.0,262.0,533.19,537.2275,0.324,0.32,20.48,4.91,25.57,4.14,15.32,26.12,65.53
2013-01-31,,,,,,,,,,,,,,,,,,,,,,,,,,,,,,,,,,,,,,,,,,,,,,,,,,,,,,,,,,,,,,,,,,,,,,,,,,,,,,,,,,,,,,,,,,,386.8,633.8,801.9,0.0,188.1,2046.4,426.6,0.0,1288.8,58.8,1785.9,3832.3,807.3,996.6,69.9,1506.2,2313.5,34.1,2391.9,-212.7,6.3,1518.8,3832.3,158.0,12.0,-11.0,1.0,0.0,0.0,0.0,43.0,43.0,202.0,-20.0,0.0,0.0,0.0,0.0,0.0,0.0,-20.0,746.0,2.0,748.0,-5.0,-5.0,-908.0,-2.0,-167.0,18.0,2.0,-908.0,2.535,0.656,2.5349,0.3962,0.8302,67.8715,31.7269,31.7269,0.0,30.656,21.0174,0.1949,0.2993,1.1786,76.3614,10.3371,68.2609,4.0968,6.2416,2.844,0.3755,0.3384,747.0,240.0,507.0,0.0,273.0,3.0,270.0,237.0,-8.0,229.0,72.0,157.0,0.0,157.0,0.0,157.0,249.0,237.0,533.6475,537.6275,0.296,0.292,21.13,8.02,27.11,4.39,15.81,29.0,80.69
2013-04-30,,,,,,,,,,,,,,,,,,,,,,,,,,,,,,,,,,,,,,,,,,,,,,,,,,,,,,,,,,,,,,,,,,,,,,,,,,,,,,,,,,,,,,,,,,,204.0,548.0,827.0,0.0,213.0,1821.0,450.0,0.0,1285.0,56.0,1805.0,3626.0,473.0,997.0,68.0,1525.0,1998.0,34.0,2500.0,-211.0,0.0,1628.0,3626.0,113.0,15.0,3.0,18.0,-65.0,-105.0,0.0,134.0,39.0,170.0,-36.0,-2.0,0.0,0.0,0.0,0.0,0.0,-38.0,-251.0,-7.0,-258.0,-1.0,-1.0,-55.0,-1.0,-315.0,-183.0,4.0,-55.0,3.85,0.612,3.8499,0.3798,0.6155,69.651,26.8589,26.8589,0.0,24.431,17.2989,0.1817,0.2418,1.2026,74.8407,7.0025,33.2362,3.144,4.3429,3.0472,0.3165,0.2495,659.0,200.0,459.0,0.0,279.0,-3.0,282.0,177.0,-16.0,161.0,47.0,114.0,0.0,114.0,0.0,114.0,192.0,177.0,533.4225,537.465,0.212,0.212,22.69,8.19,30.34,4.7,15.92,31.21,96.92
2013-07-31,,,,,,,,,,,,,,,,,,,,,,,,,,,,,,,,,,,,,,,,,,,,,,,,,,,,,,,,,,,,,,,,,,,,,,,,,,,,,,,,,,,,,,,,,,,217.0,542.0,874.0,0.0,211.0,1861.0,459.0,0.0,1287.0,66.0,1825.0,3686.0,515.0,997.0,57.0,1505.0,2020.0,34.0,2527.0,-212.0,0.0,1666.0,3686.0,143.0,12.0,15.0,27.0,0.0,0.0,0.0,-77.0,-77.0,93.0,-25.0,0.0,0.0,0.0,0.0,0.0,0.0,-25.0,-1.0,2.0,1.0,-4.0,-4.0,-54.0,6.0,-51.0,13.0,3.0,-54.0,3.614,0.598,3.6136,0.3744,0.602,69.5335,31.6327,31.6327,0.0,30.758,20.8455,0.1861,0.2391,1.2657,71.1079,8.5834,37.7309,3.8795,5.3699,3.1169,0.1728,0.1263,686.0,209.0,477.0,0.0,259.0,-1.0,260.0,217.0,-6.0,211.0,68.0,143.0,0.0,143.0,0.0,143.0,229.0,217.0,534.2725,538.3,0.268,0.264,23.68,8.27,31.48,4.82,15.71,32.99,119.01
2013-10-31,,,,,,,,,,,,,,,,,,,,,,,,,,,,,,,,,,,,,,,,,,,,,,,,,,,,,,,,,,,,,,,,,,,,,,,,,,,,,,,,,,,,,,,,,,,192.0,729.0,901.0,0.0,167.0,2033.0,483.0,0.0,1291.0,62.0,1849.0,3882.0,542.0,997.0,64.0,1502.0,2044.0,34.0,2729.0,-201.0,0.0,1838.0,3882.0,206.0,12.0,-15.0,-3.0,0.0,0.0,0.0,-95.0,-95.0,108.0,-35.0,0.0,0.0,0.0,0.0,0.0,0.0,-35.0,0.0,1.0,1.0,-51.0,-51.0,-55.0,3.0,-102.0,-25.0,3.0,-55.0,3.751,0.542,3.7509,0.3517,0.5462,69.1477,37.3349,37.3349,0.0,36.6146,24.7299,0.2146,0.2852,1.1427,78.7635,11.2078,37.66,5.3065,7.2663,3.4487,0.2008,0.1358,833.0,257.0,576.0,0.0,273.0,8.0,265.0,311.0,-6.0,305.0,99.0,206.0,0.0,206.0,0.0,206.0,323.0,311.0,533.9675,538.01,0.388,0.384,22.59,7.55,30.62,4.78,16.5,37.29,165.44
2014-01-31,,,,,,,,,,,,,,,,,,,,,,,,,,,,,,,,,,,,,,,,,,,,,,,,,,,,,,,,,,,,,,,,,,,,,,,,,,,,,,,,,,,,,,,,,,,287.0,679.0,873.0,0.0,208.0,2103.0,497.0,0.0,1289.0,88.0,1890.0,3993.0,604.0,997.0,161.0,1500.0,2104.0,34.0,2777.0,-203.0,0.0,1889.0,3993.0,177.0,12.0,-13.0,-1.0,0.0,0.0,0.0,13.0,13.0,189.0,-27.0,-2.0,0.0,0.0,0.0,0.0,0.0,-29.0,-1.0,5.0,4.0,-3.0,-3.0,-62.0,0.0,-61.0,95.0,3.0,-62.0,3.482,0.528,3.4818,0.3455,0.5326,68.0307,32.6087,32.6087,0.0,31.8414,22.6343,0.1958,0.2864,1.1517,78.1458,9.37,29.5,4.4328,6.1331,3.5429,0.3527,0.3022,782.0,250.0,532.0,0.0,277.0,0.0,277.0,255.0,-6.0,249.0,72.0,177.0,0.0,177.0,0.0,177.0,267.0,255.0,532.8775,536.98,0.332,0.328,23.21,7.78,33.88,5.0,16.86,36.46,136.97
2014-04-30,,,,,,,,,,,,,,,,,,,,,,,,,,,,,,,,,,,,,,,,,,,,,,,,,,,,,,,,,,,,,,,,,,,,,,,,,,,,,,,,,,,,,,,,,,,437.0,569.0,882.0,0.0,256.0,2177.0,526.0,0.0,1297.0,85.0,1926.0,4103.0,561.0,997.0,167.0,1510.0,2071.0,34.0,2894.0,-188.0,0.0,2032.0,4103.0,133.0,14.0,22.0,36.0,-34.0,-67.0,0.0,100.0,90.0,259.0,-37.0,-1.0,0.0,0.0,0.0,0.0,0.0,-38.0,0.0,-3.0,-3.0,-10.0,-10.0,-62.0,1.0,-74.0,150.0,4.0,-62.0,3.881,0.491,3.8806,0.3292,0.4946,71.4493,27.2464,27.2464,0.0,26.3768,19.2754,0.1682,0.2234,1.2127,74.2174,6.5453,18.0952,3.2415,4.3909,3.8078,0.4807,0.4121,690.0,197.0,493.0,0.0,313.0,8.0,305.0,188.0,-6.0,182.0,49.0,133.0,0.0,133.0,0.0,133.0,202.0,188.0,533.635,537.705,0.244,0.248,26.33,8.46,33.01,5.8,16.83,35.5,116.59
2014-07-31,,,,,,,,,,,,,,,,,,,,,,,,,,,,,,,,,,,,,,,,,,,,,,,,,,,,,,,,,,,,,,,,,,,,,,,,,,,,,,,,,,,,,,,,,,,460.0,547.0,949.0,0.0,280.0,2259.0,538.0,0.0,1284.0,92.0,1932.0,4191.0,637.0,998.0,154.0,1500.0,2137.0,34.0,2908.0,-195.0,0.0,2054.0,4191.0,150.0,13.0,4.0,17.0,0.0,0.0,0.0,-55.0,-55.0,112.0,-31.0,0.0,0.0,0.0,0.0,0.0,0.0,-31.0,0.0,5.0,5.0,-16.0,-16.0,-62.0,16.0,-57.0,23.0,3.0,-62.0,3.546,0.486,3.5463,0.327,0.4922,70.2128,31.3475,31.3475,0.0,30.3546,21.2766,0.1682,0.2213,1.2888,69.8298,7.3028,19.4805,3.5791,4.9148,3.8483,0.2084,0.1507,705.0,210.0,495.0,0.0,269.0,-5.0,274.0,221.0,-7.0,214.0,64.0,150.0,0.0,150.0,0.0,150.0,234.0,221.0,533.61,537.5475,0.28,0.28,25.18,8.11,31.2,5.58,16.48,34.1,100.45
2014-10-31,,,,,,,,,,,,,,,,,,,,,,,,,,,,,,,,,,,,,,,,,,,,,,,,,,,,,,,,,,,,,,,,,,,,,,,,,,,,,,,,,,,,,,,,,,,235.0,761.0,971.0,0.0,307.0,2299.0,556.0,0.0,1265.0,106.0,1944.0,4243.0,678.0,998.0,153.0,1490.0,2168.0,34.0,3114.0,-191.0,0.0,2075.0,4243.0,208.0,12.0,-16.0,-4.0,0.0,0.0,0.0,-246.0,-246.0,-42.0,-28.0,-4.0,0.0,0.0,0.0,0.0,0.0,-32.0,0.0,112.0,112.0,-195.0,-195.0,-62.0,1.0,-144.0,-225.0,3.0,-62.0,3.391,0.481,3.3909,0.3248,0.5407,69.4413,34.5496,34.5496,0.0,33.7514,23.7172,0.2067,0.276,1.1524,78.0958,10.0241,25.679,4.9022,6.7686,3.9259,-0.0773,-0.1301,877.0,268.0,609.0,0.0,301.0,-5.0,306.0,303.0,-7.0,296.0,88.0,208.0,0.0,208.0,0.0,208.0,315.0,303.0,530.2175,533.9225,0.392,0.388,26.93,8.53,45.58,5.89,16.16,33.19,91.66
2015-01-31,,,,,,,,,,,,,,,,,,,,,,,,,,,,,,,,,,,,,,,,,,,,,,,,,,,,,,,,,,,,,,,,,,,,,,,,,,,,,,,,,,,,,,,,,,,250.0,631.0,920.0,0.0,398.0,2209.0,567.0,0.0,1226.0,143.0,1952.0,4161.0,860.0,748.0,154.0,1260.0,2120.0,34.0,3166.0,-215.0,0.0,2041.0,4161.0,185.0,13.0,13.0,26.0,0.0,0.0,0.0,94.0,94.0,305.0,-33.0,0.0,0.0,0.0,0.0,0.0,0.0,-33.0,0.0,-116.0,-116.0,-67.0,-67.0,-66.0,1.0,-248.0,15.0,3.0,-66.0,2.569,0.366,2.5686,0.2682,0.4929,68.0197,33.4563,33.4563,0.0,32.7183,22.8782,0.1954,0.2826,1.2884,69.8524,9.1132,22.8221,4.4701,6.6691,3.8743,0.5744,0.5118,813.0,260.0,553.0,0.0,275.0,-6.0,281.0,272.0,-6.0,266.0,80.0,186.0,0.0,186.0,0.0,186.0,285.0,272.0,527.815,531.515,0.352,0.348,25.5,8.32,34.12,5.6,16.22,33.02,86.52
2015-04-30,,,,,,,,,,,,,,,,,,,,,,,,,,,,,,,,,,,,,,,,,,,,,,,,,,,,,,,,,,,,,,,,,,,,,,,,,,,,,,,,,,,,,,,,,,,370.0,583.0,953.0,0.0,332.0,2254.0,586.0,0.0,1218.0,112.0,1934.0,4188.0,958.0,743.0,164.0,1325.0,2283.0,34.0,3300.0,-300.0,0.0,1905.0,4188.0,141.0,13.0,29.0,42.0,-50.0,-102.0,0.0,196.0,50.0,233.0,-28.0,-1.0,0.0,0.0,0.0,0.0,0.0,-29.0,0.0,182.0,182.0,-198.0,-198.0,-66.0,0.0,-82.0,120.0,6.0,-66.0,2.353,0.39,2.3528,0.2806,0.621,71.1773,31.2585,31.2585,0.0,30.5819,18.9445,0.1765,0.2235,1.2676,71.0014,7.3491,20.3785,3.3429,5.287,3.6512,0.4358,0.3837,739.0,213.0,526.0,0.0,289.0,-6.0,295.0,231.0,-5.0,226.0,86.0,140.0,0.0,140.0,0.0,140.0,244.0,231.0,528.9813,532.7062,0.272,0.264,25.66,8.99,35.85,5.59,16.3,33.88,88.77
2015-07-31,,,,,,,,,,,,,,,,,,,,,,,,,,,,,,,,,,,,,,,,,,,,,,,,,,,,,,,,,,,,,,,,,,,,,,,,,,,,,,,,,,,,,,,,,,,494.0,505.0,1035.0,0.0,328.0,2371.0,608.0,0.0,1210.0,127.0,1963.0,4334.0,833.0,1229.0,149.0,1794.0,2627.0,34.0,3309.0,-304.0,0.0,1707.0,4334.0,156.0,13.0,5.0,18.0,0.0,0.0,0.0,-27.0,-27.0,147.0,-39.0,0.0,0.0,0.0,0.0,0.0,0.0,-39.0,490.0,-176.0,314.0,-235.0,-235.0,-65.0,7.0,21.0,124.0,3.0,-65.0,2.846,0.72,2.8463,0.4186,0.874,70.2432,32.475,32.475,0.0,31.1874,22.3176,0.1613,0.201,1.3842,65.0215,9.1388,31.3883,3.5994,5.3134,3.3067,0.2818,0.2071,699.0,208.0,491.0,0.0,264.0,0.0,264.0,227.0,-9.0,218.0,62.0,156.0,0.0,156.0,0.0,156.0,240.0,227.0,518.1575,521.595,0.304,0.296,30.55,11.97,40.71,6.71,16.31,35.71,98.26
2015-10-31,,,,,,,,,,,,,,,,,,,,,,,,,,,,,,,,,,,,,,,,,,,,,,,,,,,,,,,,,,,,,,,,,,,,,,,,,,,,,,,,,,,,,,,,,,,195.0,727.0,1067.0,0.0,341.0,2348.0,619.0,0.0,1214.0,121.0,1971.0,4319.0,1130.0,1229.0,143.0,1788.0,2918.0,34.0,3508.0,-306.0,0.0,1401.0,4319.0,200.0,14.0,-5.0,9.0,0.0,0.0,0.0,-195.0,-195.0,14.0,-26.0,-1.0,0.0,0.0,0.0,0.0,0.0,-27.0,0.0,289.0,289.0,-510.0,-510.0,-65.0,1.0,-285.0,-299.0,5.0,-65.0,2.078,0.877,2.0779,0.4673,1.2719,68.6183,35.363,35.363,0.0,33.9578,23.4192,0.1977,0.2512,1.1747,76.6159,14.2755,106.9519,4.6307,7.6046,2.7833,0.0317,-0.0202,854.0,268.0,586.0,0.0,286.0,2.0,284.0,302.0,-12.0,290.0,90.0,200.0,0.0,200.0,0.0,200.0,316.0,302.0,510.1375,513.5762,0.392,0.392,29.92,13.98,35.94,6.57,16.05,38.67,124.79
2016-01-31,,,,,,,,,,,,,,,,,,,,,,,,,,,,,,,,,,,,,,,,,,,,,,,,,,,,,,,,,,,,,,,,,,,,,,,,,,,,,,,,,,,,,,,,,,,317.0,630.0,1031.0,0.0,416.0,2405.0,621.0,0.0,1171.0,122.0,1928.0,4333.0,1100.0,1229.0,144.0,1816.0,2916.0,34.0,3561.0,-323.0,0.0,1417.0,4333.0,189.0,13.0,24.0,37.0,0.0,0.0,0.0,61.0,61.0,287.0,-23.0,-1.0,0.0,0.0,0.0,0.0,0.0,-24.0,-250.0,206.0,-44.0,-25.0,-25.0,-69.0,2.0,-136.0,122.0,4.0,-69.0,2.186,0.867,2.1864,0.4645,1.2265,68.6032,34.3634,34.3634,0.0,32.8801,23.4858,0.1867,0.2464,1.2841,70.0865,13.4086,77.2358,4.385,7.1807,2.8178,0.5719,0.5246,809.0,254.0,555.0,0.0,274.0,-3.0,277.0,278.0,-12.0,266.0,76.0,190.0,0.0,190.0,0.0,190.0,291.0,278.0,502.9562,505.9763,0.376,0.376,27.08,12.76,32.84,6.0,15.98,42.67,169.7
2016-04-30,,,,,,,,,,,,,,,,,,,,,,,,,,,,,,,,,,,,,,,,,,,,,,,,,,,,,,,,,,,,,,,,,,,,,,,,,,,,,,,,,,,,,,,,,,,263.0,559.0,1054.0,0.0,357.0,2233.0,629.0,0.0,1185.0,119.0,1950.0,4183.0,791.0,1230.0,146.0,1830.0,2621.0,34.0,4065.0,-350.0,0.0,1562.0,4183.0,522.0,16.0,-482.0,-466.0,8.0,-127.0,0.0,103.0,20.0,76.0,-20.0,0.0,543.0,0.0,0.0,0.0,0.0,523.0,0.0,-239.0,-239.0,-354.0,-354.0,-67.0,0.0,-660.0,-54.0,3.0,-67.0,2.823,0.787,2.823,0.4405,0.9609,70.4264,99.8625,99.8625,0.0,98.3494,71.6644,0.1738,0.204,1.3005,69.2022,33.3547,138.1963,12.4552,18.6605,3.1597,0.1406,0.1031,727.0,215.0,512.0,0.0,-136.0,495.0,-214.0,726.0,-11.0,715.0,194.0,521.0,0.0,521.0,0.0,521.0,742.0,726.0,507.441,510.7,1.028,1.026,17.0,11.24,43.61,5.9,24.86,70.12,326.55
2016-07-31,,,,,,,,,,,,,,,,,,,,,,,,,,,,,,,,,,,,,,,,,,,,,,,,,,,,,,,,,,,,,,,,,,,,,,,,,,,,,,,,,,,,,,,,,,,459.0,501.0,1262.0,0.0,339.0,2561.0,645.0,0.0,1405.0,128.0,2194.0,4755.0,874.0,1953.0,132.0,2551.0,3425.0,68.0,4085.0,-402.0,0.0,1330.0,4755.0,144.0,15.0,-7.0,8.0,0.0,0.0,0.0,-24.0,-24.0,128.0,-16.0,-1.0,-307.0,0.0,0.0,0.0,0.0,-324.0,717.0,-43.0,674.0,-204.0,-204.0,-67.0,-5.0,398.0,196.0,4.0,-67.0,2.93,1.468,2.9302,0.5949,1.685,68.5325,32.2239,32.2239,0.0,30.4085,21.7852,0.139,0.1648,1.3194,68.2148,10.8271,-192.0,3.0284,4.3862,2.7177,0.2586,0.2263,661.0,208.0,453.0,0.0,245.0,5.0,240.0,213.0,-12.0,201.0,57.0,144.0,0.0,144.0,0.0,144.0,228.0,213.0,491.2725,495.0113,0.296,0.288,17.46,13.37,43.59,6.04,23.99,73.91,574.15
2016-10-31,,,,,,,,,,,,,,,,,,,,,,,,,,,,,,,,,,,,,,,,,,,,,,,,,,,,,,,,,,,,,,,,,,,,,,,,,,,,,,,,,,,,,,,,,,,211.0,660.0,1286.0,0.0,373.0,2530.0,651.0,0.0,1383.0,140.0,2190.0,4720.0,904.0,1917.0,131.0,2533.0,3437.0,68.0,4283.0,-407.0,0.0,1283.0,4720.0,198.0,13.0,7.0,20.0,0.0,0.0,0.0,-177.0,-177.0,41.0,-20.0,0.0,0.0,0.0,0.0,0.0,0.0,-20.0,0.0,49.0,49.0,-243.0,-243.0,-67.0,0.0,-261.0,-248.0,3.0,-67.0,2.799,1.494,2.7987,0.5991,1.7568,66.506,35.0602,35.0602,0.0,33.253,23.7349,0.1758,0.2162,1.2576,71.5663,15.3546,-197.0,4.1737,6.1563,2.6563,0.0864,0.0452,830.0,278.0,552.0,0.0,270.0,9.0,261.0,291.0,-15.0,276.0,79.0,197.0,0.0,197.0,0.0,197.0,304.0,291.0,486.3125,489.81,0.408,0.4,16.41,12.91,38.14,5.67,23.39,75.25,939.29
2017-01-31,,,,,,,,,,,,,,,,,,,,,,,,,,,,,,,,,,,,,,,,,,,,,,,,,,,,,,,,,,,,,,,,,,,,,,,,,,,,,,,,,,,,,,,,,,,197.0,611.0,1238.0,0.0,331.0,2377.0,669.0,0.0,1382.0,156.0,2223.0,4600.0,1130.0,1669.0,131.0,2286.0,3416.0,68.0,4326.0,-433.0,0.0,1184.0,4600.0,182.0,14.0,-1.0,13.0,0.0,0.0,0.0,81.0,81.0,276.0,-35.0,-1.0,0.0,0.0,0.0,0.0,0.0,-36.0,0.0,-60.0,-60.0,-119.0,-119.0,-69.0,0.0,-248.0,-14.0,3.0,-69.0,2.104,1.41,2.1035,0.585,1.8801,66.3366,33.7871,33.7871,0.0,31.9307,22.5248,0.1757,0.2197,1.3224,68.0569,15.3716,-91.9192,3.9565,6.3793,2.4675,0.5745,0.5013,808.0,272.0,536.0,0.0,162.0,1.0,263.0,273.0,-15.0,258.0,76.0,182.0,0.0,182.0,0.0,182.0,287.0,273.0,480.65,483.958,0.38,0.38,16.24,13.78,38.82,5.56,22.87,77.92,104400.0
2017-04-30,,,,,,,,,,,,,,,,,,,,,,,,,,,,,,,,,,,,,,,,,,,,,,,,,,,,,,,,,,,,,,,,,,,,,,,,,,,,,,,,,,,,,,,,,,,182.0,557.0,1270.0,0.0,342.0,2351.0,713.0,0.0,1394.0,151.0,2274.0,4625.0,970.0,1689.0,130.0,2285.0,3255.0,68.0,4470.0,-390.0,0.0,1370.0,4625.0,145.0,16.0,16.0,32.0,6.0,-86.0,0.0,142.0,34.0,211.0,-41.0,-1.0,0.0,0.0,0.0,0.0,-17.0,-59.0,0.0,-98.0,-98.0,-5.0,-5.0,-71.0,0.0,-174.0,-15.0,4.0,-71.0,2.424,1.233,2.4237,0.5521,1.5686,69.0648,33.5252,33.5252,0.0,28.4892,21.0072,0.1503,0.1693,1.2478,72.1295,10.6569,-608.3334,3.1568,4.7728,2.8535,0.4246,0.3418,695.0,215.0,480.0,0.0,352.0,3.0,247.0,233.0,-35.0,198.0,52.0,146.0,0.0,146.0,0.0,146.0,249.0,233.0,484.635,488.077,0.296,0.302,25.85,12.41,31.78,5.79,14.31,51.79,-674.06
2017-07-31,,,,,,,,,,,,,,,,,,,,,,,,,,,,,,,,,,,,,,,,,,,,,,,,,,,,,,,,,,,,,,,,,,,,,,,,,,,,,,,,,,,,,,,,,,,238.0,576.0,1337.0,0.0,352.0,2503.0,719.0,0.0,1416.0,147.0,2299.0,4802.0,1089.0,1720.0,140.0,2293.0,3382.0,58.0,1824.0,-376.0,0.0,1420.0,4802.0,178.0,15.0,1.0,16.0,0.0,0.0,0.0,-89.0,-89.0,105.0,-28.0,0.0,0.0,0.0,0.0,0.0,-3.0,-31.0,0.0,45.0,45.0,-6.0,-6.0,-70.0,0.0,-31.0,56.0,4.0,-70.0,2.298,1.211,2.2984,0.5478,1.569,68.1881,34.0249,34.0249,0.0,31.6736,24.6196,0.1506,0.172,1.2552,71.7012,12.5352,4450.0,3.7068,5.6688,2.9562,0.2174,0.1594,723.0,230.0,493.0,0.0,248.0,1.0,247.0,246.0,-17.0,229.0,51.0,178.0,0.0,178.0,0.0,178.0,261.0,246.0,480.048,482.984,0.37,0.37,25.56,12.55,35.42,5.91,15.0,53.49,-884.28
2017-10-31,,,,,,,,,,,,,,,,,,,,,,,,,,,,,,,,,,,,,,,,,,,,,,,,,,,,,,,,,,,,,,,,,,,,,,,,,,,,,,,,,,,,,,,,,,,212.0,753.0,1359.0,0.0,337.0,2661.0,740.0,0.0,1415.0,147.0,2317.0,4978.0,1052.0,1719.0,134.0,2279.0,3331.0,58.0,2063.0,-391.0,0.0,1647.0,4978.0,239.0,16.0,-2.0,14.0,0.0,0.0,0.0,-140.0,-140.0,113.0,-36.0,-1.0,0.0,0.0,0.0,0.0,-1.0,-38.0,0.0,-24.0,-24.0,-2.0,-2.0,-70.0,0.0,-96.0,-26.0,5.0,-70.0,2.529,1.044,2.5295,0.5107,1.3382,66.7396,38.1838,38.1838,0.0,36.2144,26.1488,0.1836,0.2237,1.2138,74.1466,14.5112,103.0173,4.8011,7.1004,3.4284,0.2337,0.1593,914.0,304.0,610.0,0.0,271.0,10.0,261.0,349.0,-18.0,331.0,92.0,239.0,0.0,239.0,0.0,239.0,365.0,349.0,480.15,483.284,0.5,0.49,27.87,12.53,36.99,6.63,15.68,53.02,21285.71
2018-01-31,,,,,,,,,,,,,,,,,,,,,,,,,,,,,,,,,,,,,,,,,,,,,,,,,,,,,,,,,,,,,,,,,,,,,,,,,,,,,,,,,,,,,,,,,,,287.0,725.0,1343.0,0.0,286.0,2641.0,766.0,0.0,1448.0,170.0,2401.0,5042.0,1486.0,1770.0,242.0,2355.0,3841.0,72.0,1620.0,-382.0,0.0,1201.0,5042.0,190.0,17.0,62.0,79.0,-148.0,-55.0,0.0,249.0,95.0,364.0,-36.0,0.0,0.0,0.0,0.0,0.0,-16.0,-52.0,-250.0,90.0,-160.0,-17.0,-17.0,-76.0,0.0,-253.0,75.0,5.0,-76.0,1.777,1.474,1.7773,0.5958,1.746,66.8565,34.8519,34.8519,0.0,32.9157,21.6401,0.1741,0.2167,1.211,74.3166,15.8202,-76.9231,3.7683,6.3952,2.4976,0.7508,0.6767,878.0,291.0,587.0,0.0,285.0,4.0,281.0,306.0,-17.0,289.0,99.0,190.0,0.0,190.0,0.0,190.0,323.0,306.0,480.361,484.244,0.39,0.39,33.75,20.97,39.18,7.91,15.49,53.42,-8605.71
2018-04-30,,,,,,,,,,,,,,,,,,,,,,,,,,,,,,,,,,,,,,,,,,,,,,,,,,,,,,,,,,,,,,,,,,,,,,,,,,,,,,,,,,,,,,,,,,,239.0,639.0,1379.0,0.0,298.0,2555.0,780.0,0.0,1433.0,192.0,2421.0,4976.0,821.0,2341.0,222.0,2839.0,3660.0,72.0,1730.0,-378.0,0.0,1316.0,4976.0,110.0,16.0,-28.0,-12.0,78.0,-47.0,0.0,-75.0,-27.0,71.0,-27.0,0.0,0.0,0.0,0.0,0.0,-1.0,-28.0,595.0,-114.0,481.0,-4.0,-4.0,-557.0,-6.0,-86.0,-48.0,5.0,-557.0,3.112,1.779,3.1121,0.6401,1.9422,69.8499,20.0546,20.0546,0.0,17.4625,15.0068,0.1473,0.1603,1.1471,78.4584,8.3587,-94.0171,2.2106,3.0079,2.736,0.1466,0.0908,733.0,221.0,512.0,0.0,366.0,1.0,365.0,147.0,-19.0,128.0,18.0,110.0,0.0,110.0,0.0,110.0,163.0,147.0,480.319,484.248,0.23,0.23,36.54,19.77,49.79,8.06,14.49,51.36,-2240.63
2018-07-31,,,,,,,,,,,,,,,,,,,,,,,,,,,,,,,,,,,,,,,,,,,,,,,,,,,,,,,,,,,,,,,,,,,,,,,,,,,,,,,,,,,,,,,,,,,211.0,658.0,1449.0,0.0,305.0,2623.0,778.0,0.0,1413.0,195.0,2402.0,5025.0,868.0,2310.0,168.0,2789.0,3657.0,72.0,1767.0,-364.0,0.0,1368.0,5025.0,200.0,18.0,23.0,41.0,-22.0,-83.0,0.0,-4.0,-115.0,126.0,-23.0,0.0,0.0,0.0,0.0,0.0,-2.0,-25.0,0.0,-41.0,-41.0,-5.0,-5.0,-76.0,0.0,-122.0,-28.0,5.0,-76.0,3.022,1.689,3.0219,0.6281,1.8173,68.2768,34.4648,34.4648,0.0,31.5927,26.1097,0.1524,0.1677,1.1641,77.3107,14.6199,-444.4445,3.9801,5.4377,2.8431,0.2601,0.2126,766.0,243.0,523.0,0.0,266.0,7.0,259.0,264.0,-22.0,242.0,42.0,200.0,0.0,200.0,0.0,200.0,282.0,264.0,480.964,484.441,0.42,0.41,33.88,18.11,45.2,7.58,14.76,53.43,-1670.06
2018-10-31,,,,,,,,,,,,,,,,,,,,,,,,,,,,,,,,,,,,,,,,,,,,,,,,,,,,,,,,,,,,,,,,,,,,,,,,,,,,,,,,,,,,,,,,,,,193.0,768.0,1477.0,0.0,305.0,2743.0,785.0,0.0,1398.0,207.0,2406.0,5149.0,895.0,2288.0,163.0,2757.0,3652.0,72.0,2016.0,-365.0,0.0,1497.0,5149.0,249.0,18.0,-4.0,14.0,-120.0,-41.0,0.0,4.0,-117.0,146.0,-30.0,-2.0,0.0,0.0,0.0,0.0,0.0,-32.0,0.0,83.0,83.0,-128.0,-128.0,-76.0,0.0,-121.0,-18.0,4.0,-76.0,3.065,1.528,3.0648,0.6045,1.7007,64.8352,36.4835,36.4835,0.0,34.0659,27.3626,0.1767,0.2167,1.1849,75.956,16.6333,251.5152,4.8359,6.5786,3.1279,0.3024,0.2403,910.0,320.0,590.0,0.0,263.0,5.0,258.0,332.0,-22.0,310.0,61.0,249.0,0.0,249.0,0.0,249.0,350.0,332.0,480.436,483.591,0.52,0.52,29.02,14.38,36.86,6.63,14.84,55.67,-966.45
2019-01-31,,,,,,,,,,,,,,,,,,,,,,,,,,,,,,,,,,,,,,,,,,,,,,,,,,,,,,,,,,,,,,,,,,,,,,,,,,,,,,,,,,,,,,,,,,,260.0,737.0,1471.0,0.0,287.0,2755.0,801.0,0.0,1405.0,182.0,2408.0,5163.0,895.0,2301.0,157.0,2775.0,3670.0,72.0,2085.0,-360.0,0.0,1493.0,5163.0,227.0,16.0,9.0,25.0,40.0,15.0,0.0,36.0,53.0,305.0,-31.0,0.0,0.0,0.0,0.0,0.0,2.0,-29.0,0.0,-55.0,-55.0,-73.0,-73.0,-79.0,-8.0,-215.0,67.0,3.0,-79.0,3.078,1.541,3.0782,0.6065,1.6798,63.1637,35.3982,35.3982,0.0,31.4159,25.1106,0.1751,0.2264,1.2266,73.3739,15.2043,257.9546,4.3967,5.9831,3.1299,0.6393,0.574,904.0,333.0,571.0,0.0,252.0,1.0,251.0,320.0,-36.0,284.0,57.0,227.0,0.0,227.0,0.0,227.0,336.0,320.0,477.301,480.099,0.47,0.47,28.24,14.7,41.18,6.72,15.48,55.41,12576.0
2019-04-30,,,,,,,,,,,,,,,,,,,,,,,,,,,,,,,,,,,,,,,,,,,,,,,,,,,,,,,,,,,,,,,,,,,,,,,,,,,,,,,,,,,,,,,,,,,307.0,609.0,1520.0,0.0,283.0,2719.0,816.0,0.0,1398.0,190.0,2420.0,5139.0,703.0,2290.0,157.0,2789.0,3492.0,72.0,2238.0,-363.0,0.0,1647.0,5139.0,159.0,20.0,28.0,48.0,125.0,-53.0,0.0,-1.0,16.0,223.0,-35.0,0.0,0.0,0.0,0.0,0.0,2.0,-33.0,0.0,-58.0,-58.0,-12.0,-12.0,-79.0,8.0,-141.0,47.0,2.0,-79.0,3.868,1.39,3.8677,0.5817,1.4815,64.7849,30.6452,30.6452,0.0,27.6882,21.371,0.1448,0.1724,1.2217,73.6694,9.6539,63.8554,3.094,4.0386,3.4516,0.4577,0.3858,744.0,262.0,482.0,0.0,256.0,2.0,254.0,228.0,-22.0,206.0,47.0,159.0,0.0,159.0,0.0,159.0,248.0,228.0,478.956,482.067,0.33,0.33,30.1,15.09,36.87,7.57,16.31,55.62,854.22
2019-07-31,,,,,,,,,,,,,,,,,,,,,,,,,,,,,,,,,,,,,,,,,,,,,,,,,,,,,,,,,,,,,,,,,,,,,,,,,,,,,,,,,,,,,,,,,,,307.0,626.0,1609.0,0.0,295.0,2837.0,815.0,0.0,1408.0,246.0,2485.0,5322.0,867.0,2267.0,180.0,2792.0,3659.0,72.0,2282.0,-407.0,0.0,1663.0,5322.0,186.0,18.0,-5.0,13.0,-20.0,-100.0,0.0,-8.0,-127.0,72.0,-21.0,0.0,-22.0,0.0,0.0,0.0,0.0,-43.0,0.0,67.0,67.0,-14.0,-14.0,-79.0,0.0,-26.0,0.0,3.0,-79.0,3.272,1.363,3.2722,0.5768,1.4955,65.0131,32.376,32.376,0.0,29.765,24.282,0.1439,0.1666,1.2236,73.5509,11.1846,72.9412,3.4949,4.7328,3.4824,0.15,0.1062,766.0,268.0,498.0,0.0,256.0,6.0,250.0,248.0,-20.0,228.0,42.0,186.0,0.0,186.0,0.0,186.0,266.0,248.0,477.369,480.088,0.39,0.39,31.42,15.43,41.13,7.79,15.81,52.13,475.25
2019-10-31,,,,,,,,,,,,,,,,,,,,,,,,,,,,,,,,,,,,,,,,,,,,,,,,,,,,,,,,,,,,,,,,,,,,,,,,,,,,,,,,,,,,,,,,,,,235.0,823.0,1654.0,0.0,327.0,3039.0,828.0,0.0,1417.0,253.0,2514.0,5553.0,771.0,2288.0,192.0,2840.0,3611.0,72.0,2544.0,-400.0,0.0,1942.0,5553.0,282.0,18.0,20.0,38.0,-196.0,-33.0,0.0,-19.0,-205.0,115.0,-27.0,-5.0,0.0,0.0,0.0,0.0,0.0,-32.0,0.0,-65.0,-65.0,-13.0,-13.0,-79.0,0.0,-157.0,-72.0,3.0,-79.0,3.942,1.178,3.9416,0.5409,1.2585,62.5885,35.5915,35.5915,0.0,33.4682,28.5137,0.1781,0.2237,1.2017,74.8938,14.5211,53.7143,5.0783,6.6667,4.0643,0.2392,0.1831,989.0,370.0,619.0,0.0,158.0,3.0,267.0,352.0,-21.0,331.0,49.0,282.0,0.0,282.0,0.0,282.0,370.0,352.0,477.68,480.481,0.59,0.59,36.18,15.85,51.56,9.1,16.13,50.64,305.82
2020-01-31,,,,,,,,,,,,,,,,,,,,,,,,,,,,,,,,,,,,,,,,,,,,,,,,,,,,,,,,,,,,,,,,,,,,,,,,,,,,,,,,,,,,,,,,,,,276.0,732.0,1668.0,0.0,318.0,2994.0,840.0,0.0,1419.0,246.0,2524.0,5518.0,664.0,2293.0,171.0,2849.0,3513.0,72.0,2588.0,-392.0,0.0,2005.0,5518.0,231.0,19.0,29.0,48.0,91.0,-9.0,0.0,1.0,43.0,322.0,-36.0,0.0,0.0,0.0,0.0,0.0,0.0,-36.0,0.0,-152.0,-152.0,26.0,26.0,-84.0,-33.0,-243.0,41.0,2.0,-84.0,4.509,1.144,4.509,0.5335,1.1456,61.9577,33.8154,33.8154,0.0,31.5907,25.6952,0.1629,0.205,1.2281,73.2814,11.5212,39.4198,4.1863,5.3746,4.1939,0.6695,0.5947,899.0,342.0,557.0,0.0,257.0,4.0,253.0,304.0,-20.0,284.0,53.0,231.0,0.0,231.0,0.0,231.0,323.0,304.0,477.898,480.757,0.48,0.48,37.24,15.89,52.5,9.43,15.94,47.29,212.51
2020-04-30,,,,,,,,,,,,,,,,,,,,,,,,,,,,,,,,,,,,,,,,,,,,,,,,,,,,,,,,,,,,,,,,,,,,,,,,,,,,,,,,,,,,,,,,,,,675.0,570.0,1685.0,0.0,335.0,3265.0,848.0,0.0,1391.0,247.0,2501.0,5766.0,880.0,2269.0,168.0,2911.0,3791.0,72.0,2708.0,-547.0,0.0,1975.0,5766.0,128.0,19.0,34.0,53.0,137.0,-61.0,0.0,-26.0,34.0,215.0,-29.0,5.0,0.0,0.0,0.0,0.0,-6.0,-30.0,0.0,328.0,328.0,-43.0,-43.0,-83.0,33.0,235.0,399.0,3.0,-83.0,3.71,1.149,3.7102,0.5346,1.3175,63.8928,26.3752,26.3752,0.0,23.4133,18.0536,0.123,0.1519,1.2439,72.3554,6.481,21.9178,2.2199,3.016,4.13,0.4483,0.3878,709.0,256.0,453.0,0.0,354.0,-24.0,266.0,187.0,-21.0,166.0,38.0,128.0,0.0,128.0,0.0,128.0,206.0,187.0,477.765,480.409,0.27,0.26,35.74,14.88,48.33,8.77,14.93,43.61,169.64
2020-07-31,,,,,,,,,,,,,,,,,,,,,,,,,,,,,,,,,,,,,,,,,,,,,,,,,,,,,,,,,,,,,,,,,,,,,,,,,,,,,,,,,,,,,,,,,,,908.0,721.0,1741.0,0.0,276.0,3646.0,834.0,0.0,1417.0,236.0,2545.0,6191.0,1091.0,2316.0,181.0,2950.0,4041.0,72.0,2849.0,-523.0,0.0,2150.0,6191.0,324.0,19.0,-176.0,-157.0,-133.0,-57.0,0.0,43.0,-76.0,91.0,-15.0,0.0,177.0,0.0,0.0,0.0,0.0,162.0,0.0,55.0,55.0,0.0,0.0,-83.0,-9.0,-37.0,233.0,3.0,-83.0,3.342,1.077,3.3419,0.5186,1.2581,61.753,51.3944,51.3944,0.0,48.6056,43.0279,0.1216,0.1654,1.0444,86.1753,15.0698,44.2019,5.2334,7.2548,4.4937,0.1894,0.1582,753.0,288.0,465.0,0.0,210.0,132.0,78.0,387.0,-21.0,366.0,42.0,324.0,0.0,324.0,0.0,324.0,406.0,387.0,478.327,480.429,0.68,0.67,34.35,15.29,51.9,9.84,16.76,47.82,158.98
2020-10-31,,,,,,,,,,,,,,,,,,,,,,,,,,,,,,,,,,,,,,,,,,,,,,,,,,,,,,,,,,,,,,,,,,,,,,,,,,,,,,,,,,,,,,,,,,,964.0,879.0,1715.0,0.0,257.0,3815.0,828.0,0.0,1413.0,236.0,2535.0,6350.0,1022.0,2309.0,173.0,2925.0,3947.0,72.0,3082.0,-508.0,0.0,2403.0,6350.0,240.0,20.0,-10.0,10.0,-162.0,28.0,0.0,27.0,-58.0,192.0,-14.0,-1.0,0.0,0.0,0.0,0.0,0.0,-15.0,0.0,-29.0,-29.0,0.0,0.0,-84.0,-5.0,-118.0,56.0,3.0,-84.0,3.733,0.961,3.7329,0.49,1.1099,58.9848,33.5025,33.5025,0.0,31.3706,24.3655,0.1551,0.2356,1.1206,80.3147,9.9875,24.2424,3.7795,5.0934,5.0212,0.3993,0.3701,985.0,404.0,581.0,0.0,250.0,-1.0,251.0,330.0,-21.0,309.0,69.0,240.0,0.0,240.0,0.0,240.0,350.0,330.0,478.506,480.748,0.5,0.5,36.24,13.79,45.82,9.93,15.5,43.27,127.62
2021-01-31,,,,,,,,,,,,,,,,,,,,,,,,,,,,,,,,,,,,,,,,,,,,,,,,,,,,,,,,,,,,,,,,,,,,,,,,,,,,,,,,,,,,,,,,,,,1106.0,820.0,1723.0,0.0,265.0,3914.0,826.0,0.0,1450.0,237.0,2581.0,6495.0,1044.0,2347.0,194.0,2983.0,4027.0,72.0,3125.0,-489.0,0.0,2468.0,6495.0,219.0,19.0,-3.0,16.0,76.0,15.0,0.0,-1.0,54.0,289.0,-12.0,-1.0,-14.0,0.0,0.0,0.0,0.0,-27.0,0.0,-49.0,-49.0,0.0,0.0,-86.0,-4.0,-139.0,142.0,3.0,-86.0,3.749,0.951,3.749,0.4874,1.0774,60.3732,30.8452,30.8452,0.0,28.4303,24.0395,0.1403,0.2095,1.111,81.0099,8.8736,21.5128,3.3718,4.5483,5.1561,0.6009,0.576,911.0,361.0,550.0,0.0,278.0,9.0,269.0,281.0,-22.0,259.0,40.0,219.0,0.0,219.0,0.0,219.0,300.0,281.0,478.599,480.836,0.46,0.45,37.94,13.83,47.8,10.2,14.69,40.51,109.59
2021-04-30,,,,,,,,,,,,,,,,,,,,,,,,,,,,,,,,,,,,,,,,,,,,,,,,,,,,,,,,,,,,,,,,,,,,,,,,,,,,,,,,,,,,,,,,,,,1150.0,753.0,1751.0,0.0,263.0,3917.0,832.0,0.0,1455.0,248.0,2605.0,6522.0,918.0,2354.0,206.0,2948.0,3866.0,72.0,3243.0,-422.0,0.0,2656.0,6522.0,120.0,19.0,-2.0,17.0,69.0,-23.0,0.0,1.0,108.0,245.0,-21.0,2.0,0.0,0.0,0.0,0.0,-3.0,-22.0,0.0,-103.0,-103.0,0.0,0.0,-85.0,-3.0,-191.0,44.0,3.0,-85.0,4.267,0.886,4.2669,0.4699,0.9635,61.3301,20.6897,20.6897,0.0,18.1035,14.7783,0.1245,0.1793,1.0784,83.4606,4.5181,9.9917,1.8399,2.3952,5.548,0.5101,0.4664,812.0,314.0,498.0,0.0,332.0,2.0,330.0,168.0,-21.0,147.0,27.0,120.0,0.0,120.0,0.0,120.0,187.0,168.0,478.527,480.677,0.25,0.26,40.48,13.72,48.46,10.57,14.13,37.33,91.63
2021-07-31,,,,,,,,,,,,,,,,,,,,,,,,,,,,,,,,,,,,,,,,,,,,,,,,,,,,,,,,,,,,,,,,,,,,,,,,,,,,,,,,,,,,,,,,,,,1172.0,803.0,1771.0,0.0,246.0,3992.0,816.0,0.0,1448.0,253.0,2587.0,6579.0,943.0,2346.0,198.0,2953.0,3896.0,72.0,3255.0,-414.0,0.0,2683.0,6579.0,192.0,19.0,27.0,46.0,-55.0,-25.0,0.0,26.0,-53.0,185.0,-14.0,-1.0,0.0,0.0,0.0,0.0,0.0,-15.0,0.0,-50.0,-50.0,0.0,0.0,-86.0,-5.0,-141.0,22.0,4.0,-86.0,4.233,0.874,4.2333,0.4665,0.9322,61.0375,31.8985,31.8985,0.0,29.691,21.1921,0.1377,0.1993,1.1283,79.7682,7.1562,15.5466,2.9184,3.8179,5.603,0.3848,0.3557,906.0,353.0,553.0,0.0,258.0,-6.0,264.0,289.0,-20.0,269.0,77.0,192.0,0.0,192.0,0.0,192.0,308.0,289.0,478.793,480.718,0.4,0.4,44.05,12.66,40.11,9.44,11.89,30.21,69.4
2021-10-31,,,,,,,,,,,,,,,,,,,,,,,,,,,,,,,,,,,,,,,,,,,,,,,,,,,,,,,,,,,,,,,,,,,,,,,,,,,,,,,,,,,,,,,,,,,1073.0,933.0,1793.0,0.0,233.0,4032.0,813.0,0.0,1439.0,264.0,2584.0,6616.0,783.0,2331.0,197.0,2910.0,3693.0,72.0,3491.0,-412.0,0.0,2923.0,6616.0,236.0,21.0,-26.0,-5.0,-131.0,-26.0,0.0,12.0,-81.0,150.0,-19.0,-1.0,0.0,0.0,0.0,0.0,0.0,-20.0,0.0,-134.0,-134.0,0.0,0.0,-86.0,-1.0,-221.0,-99.0,3.0,-86.0,5.149,0.797,5.1494,0.4437,0.804,59.3561,32.3944,32.3944,0.0,30.2817,23.7425,0.1502,0.2253,1.0654,84.4769,8.0739,15.903,3.5671,4.4918,6.104,0.3124,0.2728,994.0,404.0,590.0,0.0,269.0,1.0,268.0,322.0,-21.0,301.0,65.0,236.0,0.0,236.0,0.0,236.0,343.0,322.0,478.857,480.518,0.49,0.49,42.43,11.12,40.63,9.02,11.7,28.59,62.13
2022-01-31,,,,,,,,,,,,,,,,,,,,,,,,,,,,,,,,,,,,,,,,,,,,,,,,,,,,,,,,,,,,,,,,,,,,,,,,,,,,,,,,,,,,,,,,,,,812.0,796.0,1769.0,0.0,276.0,3653.0,818.0,0.0,1423.0,265.0,2573.0,6226.0,1049.0,2061.0,191.0,2658.0,3707.0,72.0,3091.0,-418.0,0.0,2519.0,6226.0,259.0,20.0,31.0,51.0,127.0,18.0,0.0,-40.0,38.0,348.0,-27.0,-1.0,0.0,0.0,0.0,0.0,0.0,-28.0,0.0,3.0,3.0,0.0,0.0,-569.0,-2.0,-568.0,-261.0,4.0,-569.0,3.482,0.818,3.4824,0.45,0.9238,59.9807,33.4619,33.4619,0.0,31.6297,24.9759,0.1666,0.2346,1.3028,69.0839,10.2819,23.6314,4.16,5.655,5.2598,0.724,0.6679,1037.0,415.0,622.0,0.0,279.0,4.0,275.0,347.0,-19.0,328.0,69.0,259.0,0.0,259.0,0.0,259.0,367.0,347.0,478.887,480.567,0.54,0.54,39.9,12.82,38.25,8.64,12.44,29.94,64.35
2022-04-30,,,,,,,,,,,,,,,,,,,,,,,,,,,,,,,,,,,,,,,,,,,,,,,,,,,,,,,,,,,,,,,,,,,,,,,,,,,,,,,,,,,,,,,,,,,868.0,813.0,1818.0,0.0,277.0,3776.0,875.0,0.0,1347.0,301.0,2597.0,6373.0,1034.0,2019.0,181.0,2602.0,3636.0,72.0,3242.0,-352.0,0.0,2737.0,6373.0,151.0,19.0,64.0,83.0,-18.0,-60.0,0.0,11.0,19.0,253.0,-78.0,3.0,0.0,0.0,0.0,0.0,11.0,-64.0,0.0,-15.0,-15.0,0.0,0.0,-90.0,-3.0,-108.0,56.0,4.0,-90.0,3.652,0.738,3.6518,0.4245,0.829,62.8514,24.6988,24.6988,0.0,21.6868,15.1606,0.1563,0.2035,1.2251,73.4639,5.517,10.8633,2.3694,3.1749,5.7137,0.5265,0.3641,996.0,370.0,626.0,0.0,322.0,-58.0,380.0,246.0,-30.0,216.0,65.0,151.0,0.0,151.0,0.0,151.0,265.0,246.0,478.879,480.565,0.32,0.31,38.76,11.8,40.61,8.24,13.0,30.86,64.4
2022-07-31,,,,,,,,,,,,,,,,,,,,,,,,,,,,,,,,,,,,,,,,,,,,,,,,,,,,,,,,,,,,,,,,,,,,,,,,,,,,,,,,,,,,,,,,,,,899.0,841.0,1912.0,0.0,271.0,3923.0,880.0,0.0,1334.0,303.0,2598.0,6521.0,1110.0,1998.0,187.0,2604.0,3714.0,72.0,3307.0,-351.0,0.0,2807.0,6521.0,249.0,20.0,18.0,38.0,-31.0,-101.0,0.0,22.0,-114.0,173.0,-33.0,0.0,0.0,0.0,0.0,0.0,-1.0,-34.0,0.0,0.0,0.0,0.0,0.0,-90.0,-4.0,-94.0,31.0,4.0,-90.0,3.534,0.712,3.5342,0.4158,0.8009,61.7676,34.0616,34.0616,0.0,32.3734,24.7269,0.1544,0.2014,1.1974,75.1639,8.8707,16.9043,3.8184,5.1821,5.8586,0.3601,0.2914,1007.0,385.0,622.0,0.0,285.0,6.0,279.0,343.0,-17.0,326.0,77.0,249.0,0.0,249.0,0.0,249.0,363.0,343.0,479.079,480.444,0.52,0.52,39.9,12.67,46.5,8.84,13.91,32.59,65.77
2022-10-31,,,,,,,,,,,,,,,,,,,,,,,,,,,,,,,,,,,,,,,,,,,,,,,,,,,,,,,,,,,,,,,,,,,,,,,,,,,,,,,,,,,,,,,,,,,1087.0,894.0,1995.0,0.0,282.0,4258.0,890.0,0.0,1319.0,303.0,2594.0,6852.0,1243.0,1974.0,178.0,2569.0,3812.0,72.0,3534.0,-349.0,0.0,3040.0,6852.0,227.0,19.0,16.0,35.0,-63.0,-86.0,0.0,4.0,-119.0,143.0,-24.0,0.0,0.0,0.0,0.0,0.0,0.0,-24.0,0.0,186.0,186.0,0.0,0.0,-90.0,-1.0,95.0,191.0,5.0,-90.0,3.426,0.649,3.4256,0.3937,0.7928,56.0329,28.6106,28.6106,0.0,27.2395,20.7495,0.1597,0.2411,1.2237,73.5466,7.4671,13.19,3.3129,4.5273,6.3446,0.2975,0.2476,1094.0,481.0,613.0,0.0,301.0,1.0,300.0,313.0,-15.0,298.0,71.0,227.0,0.0,227.0,0.0,227.0,332.0,313.0,479.138,480.549,0.47,0.47,36.96,10.72,43.28,7.9,13.65,31.92,62.39
2023-01-31,,,,,,,,,,,,,,,,,,,,,,,,,,,,,,,,,,,,,,,,,,,,,,,,,,,,,,,,,,,,,,,,,,,,,,,,,,,,,,,,,,,,,,,,,,,428.0,944.0,2160.0,0.0,311.0,3843.0,955.0,0.0,2600.0,269.0,3911.0,7754.0,1933.0,2024.0,247.0,2783.0,4716.0,72.0,3437.0,-258.0,0.0,3038.0,7754.0,100.0,20.0,86.0,106.0,-12.0,-101.0,0.0,-7.0,-112.0,94.0,-47.0,0.0,-1195.0,0.0,0.0,0.0,0.0,-1242.0,-250.0,816.0,566.0,0.0,0.0,-99.0,0.0,467.0,-659.0,4.0,-99.0,1.988,0.666,1.9881,0.3998,0.9967,57.7243,16.0037,16.0037,0.0,11.4709,9.2507,0.1394,0.2116,1.1451,78.5939,3.2916,22.8311,1.2897,1.9755,6.3402,0.1957,0.0979,1081.0,457.0,624.0,0.0,327.0,-124.0,451.0,173.0,-49.0,124.0,24.0,100.0,0.0,100.0,0.0,100.0,193.0,173.0,479.152,480.46,0.21,0.21,44.09,10.5,66.51,7.65,10.57,25.02,57.91
2023-04-30,,,,,,,,,,,,,,,,,,,,,,,,,,,,,,,,,,,,,,,,,,,,,,,,,,,,,,,,,,,,,,,,,,,,,,,,,,,,,,,,,,,,,,,,,,,374.0,855.0,2283.0,0.0,289.0,3801.0,1031.0,3.0,2621.0,255.0,3976.0,7777.0,1084.0,2678.0,253.0,3425.0,4509.0,72.0,3643.0,-235.0,0.0,3268.0,7777.0,207.0,21.0,9.0,30.0,85.0,-115.0,0.0,33.0,-7.0,230.0,-79.0,0.0,0.0,0.0,0.0,0.0,24.0,-55.0,648.0,-768.0,-120.0,0.0,0.0,-99.0,-10.0,-229.0,-63.0,5.0,-99.0,3.506,0.819,3.5065,0.4504,0.8914,60.7075,28.4895,28.4895,0.0,25.717,19.7897,0.1345,0.18,1.2234,73.566,6.3341,31.9938,2.6617,3.4813,6.818,0.4787,0.3143,1046.0,411.0,635.0,0.0,335.0,-2.0,337.0,298.0,-29.0,269.0,62.0,207.0,0.0,207.0,0.0,207.0,319.0,298.0,479.155,480.465,0.43,0.43,39.93,9.55,68.43,7.39,10.84,25.77,73.19
2023-07-31,,,,,,,,,,,,,,,,,,,,,,,,,,,,,,,,,,,,,,,,,,,,,,,,,,,,,,,,,,,,,,,,,,,,,,,,,,,,,,,,,,,,,,,,,,,426.0,872.0,2502.0,0.0,390.0,4190.0,1050.0,0.0,2508.0,271.0,3896.0,8086.0,1308.0,2687.0,258.0,3440.0,4748.0,72.0,3674.0,-199.0,0.0,3338.0,8086.0,231.0,21.0,7.0,28.0,-15.0,-227.0,0.0,46.0,-221.0,38.0,-49.0,0.0,0.0,0.0,0.0,0.0,5.0,-44.0,0.0,153.0,153.0,0.0,0.0,-99.0,-4.0,50.0,42.0,4.0,-99.0,3.203,0.805,3.2034,0.446,0.9215,62.7168,31.5029,31.5029,0.0,28.8054,22.2543,0.1284,0.1547,1.1904,75.6069,6.9203,27.8313,2.8568,3.834,6.9631,0.0791,-0.0229,1038.0,387.0,651.0,0.0,331.0,7.0,324.0,327.0,-28.0,299.0,68.0,231.0,0.0,231.0,0.0,231.0,348.0,327.0,479.353,480.383,0.48,0.48,44.4,10.14,110.85,7.96,10.04,24.12,84.16
2023-10-31,,,,,,,,,,,,,,,,,,,,,,,,,,,,,,,,,,,,,,,,,,,,,,,,,,,,,,,,,,,,,,,,,,,,,,,,,,,,,,,,,,,,,,,,,,,373.0,948.0,2585.0,0.0,367.0,4273.0,1060.0,0.0,2450.0,269.0,3842.0,8115.0,1297.0,2654.0,240.0,3364.0,4661.0,72.0,3916.0,-290.0,0.0,3454.0,8115.0,242.0,20.0,-13.0,7.0,-88.0,-110.0,0.0,-2.0,-190.0,59.0,-17.0,0.0,0.0,0.0,0.0,0.0,0.0,-17.0,0.0,67.0,67.0,-42.0,-42.0,-98.0,0.0,-73.0,-36.0,7.0,-98.0,3.295,0.768,3.2945,0.4345,0.9004,60.6143,30.6233,30.6233,0.0,28.0036,21.8609,0.1364,0.1687,1.1677,77.0732,7.0064,24.1036,2.9821,3.962,7.2163,0.1229,0.0875,1107.0,436.0,671.0,0.0,332.0,0.0,332.0,339.0,-29.0,310.0,68.0,242.0,0.0,242.0,0.0,242.0,359.0,339.0,479.2,480.115,0.5,0.5,34.67,7.78,117.79,6.31,9.83,23.82,106.89
2024-01-31,,,,,,,,,,,,,,,,,,,,,,,,,,,,,,,,,,,,,,,,,,,,,,,,,,,,,,,,,,,,,,,,,,,,,,,,,,,,,,,,,,,,,,,,,,,589.0,878.0,2529.0,0.0,419.0,4415.0,1014.0,0.0,2468.0,274.0,3822.0,8237.0,1612.0,2678.0,242.0,3380.0,4992.0,72.0,3995.0,-224.0,0.0,3245.0,8237.0,285.0,25.0,-64.0,-39.0,82.0,17.0,0.0,-24.0,19.0,265.0,-69.0,0.0,194.0,0.0,0.0,0.0,-1.0,124.0,0.0,272.0,272.0,-358.0,-358.0,-103.0,0.0,-189.0,209.0,7.0,-103.0,2.739,0.825,2.7388,0.4521,1.0496,59.4013,34.8924,34.8924,0.0,31.9925,26.6604,0.1298,0.1716,1.2175,73.9196,8.7827,36.6795,3.46,4.8118,6.8679,0.5592,0.4127,1069.0,434.0,635.0,0.0,346.0,84.0,262.0,373.0,-31.0,342.0,57.0,285.0,0.0,285.0,0.0,285.0,398.0,373.0,474.806,475.566,0.6,0.6,27.31,7.99,69.35,6.17,11.98,29.01,118.48
2024-04-30,,,,,,,,,,,,,,,,,,,,,,,,,,,,,,,,,,,,,,,,,,,,,,,,,,,,,,,,,,,,,,,,,,,,,,,,,,,,,,,,,,,,,,,,,,,446.0,769.0,2556.0,0.0,265.0,4036.0,1074.0,270.0,2445.0,272.0,4130.0,8166.0,1559.0,2372.0,243.0,3090.0,4649.0,72.0,4261.0,-221.0,0.0,3517.0,8166.0,266.0,21.0,-131.0,-110.0,109.0,-29.0,0.0,-8.0,129.0,285.0,-93.0,0.0,52.0,0.0,0.0,0.0,27.0,-14.0,0.0,-300.0,-300.0,0.0,0.0,-104.0,-2.0,-406.0,-153.0,7.0,-104.0,2.589,0.674,2.5888,0.4028,0.8814,59.0249,38.9004,38.9004,0.0,35.9959,27.5934,0.1181,0.1545,1.2536,71.7946,7.5633,24.8134,3.2574,4.5169,7.4418,0.5946,0.4007,964.0,395.0,569.0,0.0,346.0,152.0,194.0,375.0,-28.0,347.0,81.0,266.0,0.0,266.0,0.0,266.0,396.0,375.0,476.394,477.22,0.57,0.56,22.36,6.43,54.5,5.47,12.56,30.22,111.21
2024-07-31,,,,,,,,,,,,,,,,,,,,,,,,,,,,,,,,,,,,,,,,,,,,,,,,,,,,,,,,,,,,,,,,,,,,,,,,,,,,,,,,,,,,,,,,,,,416.0,806.0,2596.0,0.0,263.0,4081.0,1052.0,270.0,2461.0,278.0,4124.0,8205.0,1649.0,2384.0,246.0,3091.0,4740.0,72.0,4250.0,-264.0,0.0,3465.0,8205.0,195.0,22.0,-7.0,15.0,-42.0,-91.0,0.0,-10.0,-193.0,17.0,10.0,0.0,0.0,0.0,0.0,0.0,0.0,10.0,0.0,54.0,54.0,0.0,0.0,-103.0,-2.0,-51.0,-40.0,4.0,-103.0,2.475,0.688,2.4748,0.4076,0.9143,59.4111,29.5478,29.5478,0.0,26.6036,20.5047,0.1159,0.1487,1.1799,76.2776,5.6277,19.4223,2.3766,3.3339,7.3309,0.0359,0.0571,237.75,96.5,141.25,0.0,78.5,7.5,71.0,70.25,-7.0,63.25,14.5,48.75,0.0,48.75,0.0,48.75,75.75,70.25,118.15925,118.23525,0.1025,0.1025,21.82,6.16,47.14,5.26,12.08,28.89,102.46
2024-10-31,,,,,,,,,,,,,,,,,,,,,,,,,,,,,,,,,,,,,,,,,,,,,,,,,,,,,,,,,,,,,,,,,,,,,,,,,,,,,,,,,,,,,,,,,,,138.66666666666666,318.0,855.0,0.0,87.0,1398.6666666666667,353.3333333333333,90.66666666666667,822.6666666666666,92.0,1378.6666666666667,2777.3333333333335,517.6666666666666,797.0,78.0,1024.6666666666667,1542.3333333333333,24.0,1502.6666666666667,-97.0,0.0,1235.0,2777.3333333333335,86.0,7.333333333333333,0.3333333333333333,7.666666666666667,-50.666666666666664,5.0,0.0,-6.0,-56.333333333333336,37.333333333333336,-10.333333333333334,0.0,0.0,0.0,0.0,0.0,0.0,-10.333333333333334,0.0,9.666666666666666,9.666666666666666,0.0,0.0,-34.333333333333336,-1.3333333333333333,-26.0,3.3333333333333335,3.0,-34.333333333333336,0.9006666666666666,0.215,0.9006333333333334,0.13073333333333334,0.2881666666666667,19.665133333333333,10.380533333333334,10.380533333333334,0.0,9.528166666666666,7.853899999999999,0.0438,0.05833333333333333,0.3826,26.137,2.3211999999999997,6.9523,1.0321666666666667,1.4107666666666667,2.6128666666666667,0.07893333333333334,0.05706666666666666,237.75,96.5,141.25,,78.5,7.5,71.0,70.25,-7.0,63.25,14.5,48.75,,48.75,,48.75,75.75,70.25,118.15925,118.23525,0.1025,0.1025,10.385,5.62,42.27,5.13,4.0633333333333335,9.61,32.73
2024-12-20,,,,,,,,,,,,,,,,,,,,,,,,,,,,,,,,,,,,,,,,,,,,,,,,,,,,,,,,,,,,,,,,,,,,,,,,,,,,,,,,,,,,,,,,,,,138.66666666666666,318.0,855.0,,87.0,1398.6666666666667,353.3333333333333,90.66666666666667,822.6666666666666,92.0,1378.6666666666667,2777.3333333333335,517.6666666666666,797.0,78.0,1024.6666666666667,1542.3333333333333,24.0,1502.6666666666667,-97.0,,1235.0,2777.3333333333335,86.0,7.333333333333333,0.3333333333333333,7.666666666666667,-50.666666666666664,5.0,,-6.0,-56.333333333333336,37.333333333333336,-10.333333333333334,,,,,,,-10.333333333333334,,9.666666666666666,9.666666666666666,,,-34.333333333333336,-1.3333333333333333,-26.0,3.3333333333333335,3.0,-34.333333333333336,0.9006666666666666,0.215,0.9006333333333334,0.13073333333333334,0.2881666666666667,19.665133333333333,10.380533333333334,10.380533333333334,,9.528166666666666,7.853899999999999,0.0438,0.05833333333333333,0.3826,26.137,2.3211999999999997,6.9523,1.0321666666666667,1.4107666666666667,2.6128666666666667,0.07893333333333334,0.05706666666666666,237.75,96.5,141.25,,78.5,7.5,71.0,70.25,-7.0,63.25,14.5,48.75,,48.75,,48.75,75.75,70.25,118.15925,118.23525,0.1025,0.1025,10.385,2.635,19.815,2.405,4.0633333333333335,9.61,32.73
2024-12-26,,,,,,,,,,,,,,,,,,,,,,,,,,,,,,,,,,,,,,,,,,,,,,,,,,,,,,,,,,,,,,,,,,,,,,,,,,,,,,,,,,,,,,,,,,,138.66666666666666,318.0,855.0,,87.0,1398.6666666666667,353.3333333333333,90.66666666666667,822.6666666666666,92.0,1378.6666666666667,2777.3333333333335,517.6666666666666,797.0,78.0,1024.6666666666667,1542.3333333333333,24.0,1502.6666666666667,-97.0,,1235.0,2777.3333333333335,86.0,7.333333333333333,0.3333333333333333,7.666666666666667,-50.666666666666664,5.0,,-6.0,-56.333333333333336,37.333333333333336,-10.333333333333334,,,,,,,-10.333333333333334,,9.666666666666666,9.666666666666666,,,-34.333333333333336,-1.3333333333333333,-26.0,3.3333333333333335,3.0,-34.333333333333336,0.9006666666666666,0.215,0.9006333333333334,0.13073333333333334,0.2881666666666667,19.665133333333333,10.380533333333334,10.380533333333334,,9.528166666666666,7.853899999999999,0.0438,0.05833333333333333,0.3826,26.137,2.3211999999999997,6.9523,1.0321666666666667,1.4107666666666667,2.6128666666666667,0.07893333333333334,0.05706666666666666,237.75,96.5,141.25,,78.5,7.5,71.0,70.25,-7.0,63.25,14.5,48.75,,48.75,,48.75,75.75,70.25,118.15925,118.23525,0.1025,0.1025,18.63,2.635,19.815,2.405,4.0633333333333335,9.61,32.73
